GENE,META_PVAL,AMP_NIH_PVAL,GNE_PVAL,UKB_CASE_PVAL,MAF,AMP_NIH_SIG,GNE_SIG,UKB_CASE_SIG,SIG_DATASET
NECAP1,0.0006674369999668,0.0393246,0.0042519224546142,0.0491168,0.001,1,1,1,3
FCRL4,0.0009458058137665,0.0427037,0.013465515013791,0.0216171,0.001,1,1,1,3
