GENE,META_PVAL,AMP_NIH_PVAL,GNE_PVAL,UKB_CASE_PVAL,MAF,AMP_NIH_SIG,GNE_SIG,UKB_CASE_SIG,SIG_DATASET
OR2T8,1.4612121034164069e-05,0.0166115,0.0025977389864544,0.00230144,0.001,1,1,1,3
GBA,1.8595159944106737e-05,0.0222411,0.0229765228840815,0.000255367,0.001,1,1,1,3
ITPA,0.0006458765101136,0.0397735,0.004155008135262,0.0477985,0.001,1,1,1,3
